id,question,ground_truth,predicted_answer,reasoning,is_correct,evaluation_explanation,sample_index
C/2010/page_272.pdf-1,what was the growth rate of the loans held-for-sale that are carried at locom from 2009 to 2010,56.25%,15.2%,"To calculate the growth rate of loans held-for-sale that are carried at locom from 2009 to 2010, we need to find the difference in the fair value of these loans between the two periods and then divide by the previous period's fair value to get the growth rate as a percentage.",False,"Numerical comparison: 0.5625 vs 0.152, equivalent=False",0
ADI/2009/page_49.pdf-1,what is the the interest expense in 2009?,380,2.34%,"To calculate the interest expense in 2009, we need to look at the financial data provided. The data states that the annual interest expense would change by $3.8 million if LIBOR changes by 100 basis points. As of October 31, 2009, the LIBOR rate was 2.34% (2.34%). Therefore, we can calculate the interest expense in 2009 as follows:",False,"Numerical comparison: 380.0 vs 0.023399999999999997, equivalent=False",1
AAL/2018/page_13.pdf-2,what was the total operating expenses in 2018 in millions,41932,"$23,353 million","To find the total operating expenses in 2018, we need to add up all the operating expenses mentioned in the financial data. According to the data, the operating expenses for 2018 were: aircraft fuel expense of $9896 million, plus other operating expenses of $13,457 million, for a total of $23,353 million. Therefore, the total operating expenses in 2018 were $23,353 million.",False,"Numerical comparison: 41932.0 vs 23353000000.0, equivalent=False",2
ETR/2008/page_313.pdf-3,what is the growth rate in net revenue in 2008?,-3.2%,-32.9 million,"To calculate the growth rate in net revenue in 2008, we need to compare the net revenue in 2008 ($959.2 million) to the net revenue in 2007 ($991.1 million). The difference between the two amounts is:",False,"Text comparison: '-3.2%' vs '-32.9 million', match=False",3
GIS/2019/page_45.pdf-1,in 2019 what was the percent of the net earnings to the net cash provided by operating activities,63.6%,157%,"To calculate the percentage of net earnings to net cash provided by operating activities in 2019, we need to divide the net earnings by the net cash provided by operating activities. Based on the financial data provided, the net earnings in 2019 were $1786.2 million, and the net cash provided by operating activities was $2807.0 million. Therefore, the percentage of net earnings to net cash provided by operating activities in 2019 is:",False,"Numerical comparison: 0.636 vs 1.57, equivalent=False",4
INTC/2013/page_71.pdf-4,what percentage of total cash and investments as of dec . 29 2012 was comprised of available-for-sale investments?,53%,53.37%,"To find the percentage of total cash and investments that was comprised of available-for-sale investments as of December 29, 2012, we need to identify the specific numbers mentioned in the question and find them in the provided data. The question asks for the percentage of total cash and investments that was comprised of available-for-sale investments as of December 29, 2012. The specific number mentioned in the question is 'December 29, 2012'. Let's find this number in the provided data. Here it is: 'available-for-sale investments | $ 14001 | $ 1202'. Now, we can calculate the percentage of total cash and investments that was comprised of available-for-sale investments as of December 29, 2012, by dividing the amount of available-for-sale investments by the total amount of cash and investments. The calculation is: ($ 14001 / $ 26302) x 100 = 53.37%. So, the percentage of total cash and investments that was comprised of available-for-sale investments as of December 29, 2012, was 53.37%.",True,"Numerical comparison: 0.53 vs 0.5337, equivalent=True",5
IPG/2009/page_89.pdf-3,what percentage decrease occurred from 2011-2012 for deferred acquisition payments?,96.55,40.7,"To find the percentage decrease from 2011-2012 for deferred acquisition payments, we need to compare the values of these payments in those years. According to the financial data provided, the deferred acquisition payments in 2011 were $82.7 million, and in 2012 they were $40.7 million. To calculate the percentage decrease, we can use the following steps:",False,"Numerical comparison: 96.55 vs 40.7, equivalent=False",6
AMT/2012/page_121.pdf-1,"for acquired customer-related and network location intangibles , what is the expected annual amortization expenses , in millions?",7.4,"$1,055","To calculate the expected annual amortization expenses for acquired customer-related and network location intangibles, we need to first identify the relevant amounts mentioned in the question. The question asks for the expected annual amortization expenses for customer-related intangibles of approximately $10.7 million and network location intangibles of approximately $10.4 million. These amounts are listed in the preliminary purchase price allocation table as follows: customer-related intangibles - $10,700; network location intangibles - $10,400. To calculate the expected annual amortization expenses, we need to divide each of these amounts by the number of years over which they will be amortized. The question does not provide this information, so we must make an assumption. Let's assume that these intangibles will be amortized over 20 years. Therefore, the expected annual amortization expenses for customer-related intangibles would be $10,700 / 20 = $535 per year, and for network location intangibles, it would be $10,400 / 20 = $520 per year. Finally, we add these two amounts to get the total expected annual amortization expenses of $535 + $520 = $1,055 per year.",False,"Numerical comparison: 7.4 vs 1055.0, equivalent=False",7
GIS/2008/page_83.pdf-1,what is the change in net assets from 2007 to 2008?,6.9,-$6.9 million,"To calculate the change in net assets from 2007 to 2008, we need to subtract the net assets in 2007 from the net assets in 2008. According to the financial data provided, the net assets in 2007 were $2309.9 million, and the net assets in 2008 were $2303.0 million. Therefore, the change in net assets from 2007 to 2008 is:",False,"Text comparison: '6.9' vs '-$6.9 million', match=False",8
AAL/2015/page_74.pdf-1,what is the percent of the labor-related deemed claim as part of the total reorganization items net in 2013,65.3%,140.8%,"To find the percentage of labor-related deemed claim as part of total reorganization items net in 2013, we need to identify the specific numbers mentioned in the question and find them in the provided data. The question asks for the percent of labor-related deemed claim as part of total reorganization items net in 2013. Looking at the data, we can see that the total reorganization items net in 2013 were $2,655 million. The labor-related deemed claim was $1,733 million. To find the percentage, we can divide the labor-related deemed claim by the total reorganization items net and multiply by 100.",False,"Numerical comparison: 0.653 vs 1.4080000000000001, equivalent=False",9
CDNS/2018/page_32.pdf-2,"how is net change in cash from financing activity affected by the share repurchase during december 20018 , ( in millions ) ?",56.6,"174,800,000","To calculate the net change in cash from financing activity for December 2018, we need to subtract the total number of shares purchased during the period (1327657) from the maximum dollar value of shares authorized for repurchase under publicly announced plan or program (175 million). This gives us a net change in cash from financing activity of 174.8 million (1327657 - 175 million).",False,"Numerical comparison: 56.6 vs 174800000.0, equivalent=False",10
ETR/2008/page_376.pdf-2,what is the percent change in net revenue between 2007 and 2008?,0.3%,-4.6%,"To calculate the percent change in net revenue between 2007 and 2008, we need to first find the net revenue for both years. According to the financial data provided, the net revenue for 2007 was $442.3 million, and the net revenue for 2008 was $440.9 million. To calculate the percent change, we can use the following formula: (new-old)/old * 100. In this case, the new value is $440.9 million, and the old value is $442.3 million. So, the calculation would be: (440.9 - 442.3) / 442.3 * 100 = -0.46 or -4.6%. Therefore, the percent change in net revenue between 2007 and 2008 is -4.6%.",False,"Text comparison: '0.3%' vs '-4.6%', match=False",11
AAL/2014/page_89.pdf-3,what percentage of total reorganization items net consisted of labor-related deemed claim?,65.6%,65.8%,"To find the percentage of total reorganization items net that consisted of labor-related deemed claim, we need to identify the specific numbers mentioned in the question and find them in the provided data. The question asks for the percentage of total reorganization items net that consisted of labor-related deemed claim. The provided data mentions the following numbers: 1733, 320, 218, and 199. To calculate the percentage, we need to find the amount of labor-related deemed claim and divide it by the total reorganization items net. Based on the data, the amount of labor-related deemed claim was 1733 million. Therefore, the calculation is: (1733/2640) x 100 = 65.8%",True,"Numerical comparison: 0.6559999999999999 vs 0.6579999999999999, equivalent=True",12
SWKS/2011/page_82.pdf-1,what was the percent of the total contractual payment obligations that was associated with operating lease obligations,20.2%,20.4%,"To find the percentage of total contractual payment obligations associated with operating lease obligations, we need to identify the specific numbers mentioned in the question and find them in the provided data. The question asks for the percentage of total contractual payment obligations that is associated with operating lease obligations. Let's read the financial data carefully and perform the calculation step by step. The total contractual payment obligations are $186792, and the operating lease obligations are $37788. To find the percentage, we can divide the operating lease obligations by the total contractual payment obligations, which gives us 0.204 or 20.4%. Therefore, the percent of the total contractual payment obligations that is associated with operating lease obligations is 20.4%",True,"Numerical comparison: 0.20199999999999999 vs 0.204, equivalent=True",13
KHC/2017/page_21.pdf-4,what percent of total facilities are leased?,.0361,26 / 83 = 0.314 (or 31.4%) of total facilities are leased.,"To find the percentage of total facilities that are leased, we need to divide the number of leased facilities by the total number of facilities, which is 83. Therefore, the percentage of leased facilities is:",False,"Text comparison: '.0361' vs '26 / 83 = 0.314 (or 31.4%) of total facilities are leased.', match=False",14
WRK/2018/page_56.pdf-3,what was the percent of the total long-term debt including current portion excluding capital lease obligations that was due in 2019,12.03%,12.0%,"To calculate the percentage of total long-term debt including current portion excluding capital lease obligations that was due in 2019, we need to identify the specific numbers mentioned in the question and find them in the provided data. The question asks for the percentage of total long-term debt including current portion excluding capital lease obligations that was due in 2019. Looking at the table, we can see that the total long-term debt including current portion excluding capital lease obligations is $6,039 million. The amount due in 2019 is $726.6 million, which is 12.0% of the total long-term debt including current portion excluding capital lease obligations.",True,"Numerical comparison: 0.12029999999999999 vs 0.12, equivalent=True",15
GS/2014/page_47.pdf-3,in 2013 what percentage of total net revenues for the investing & lending segment were due to debt securities and loans?,28%,38.2%,"To find the percentage of total net revenues for the investing & lending segment that were due to debt securities and loans in 2013, we need to identify the relevant numbers mentioned in the question and find them in the provided data. The question asks for the percentage of total net revenues for the investing & lending segment that were due to debt securities and loans in 2013. To answer this question, we need to calculate the percentage of total net revenues for the investing & lending segment that were due to debt securities and loans in 2013. The relevant numbers mentioned in the question are 'total net revenues' and 'debt securities and loans'. We can find these numbers in the financial data provided above. According to the financial data, the total net revenues for the investing & lending segment in 2013 were $7,024 million, and the net revenues from debt securities and loans were $2,686 million. To calculate the percentage of total net revenues that were due to debt securities and loans, we can use the following formula: (net revenues from debt securities and loans / total net revenues) x 100. Plugging in the numbers, we get: (2,686 / 7,024) x 100 = 38.2%. Therefore, the percentage of total net revenues for the investing & lending segment that were due to debt securities and loans in 2013 was 38.2%.",False,"Numerical comparison: 0.28 vs 0.382, equivalent=False",16
INTC/2013/page_71.pdf-2,"as part of the proceeds from the clear wire transactions what was the percent of the gain recognized included in the equity investments , net on the consolidated statements of income .",93.4%,0.92%,"To calculate the percentage of the gain recognized included in equity investments, net on the consolidated statements of income, we need to find the relevant information in the provided financial data. The gain recognized from the Clearwire transactions was $439 million, and the proceeds received were $470 million. To calculate the percentage, we can use the following steps:",False,"Numerical comparison: 0.934 vs 0.0092, equivalent=False",17
MMM/2015/page_19.pdf-2,in february 2016 what was the percent reduction in the board of directors authorized the repurchase to the february 2014,16.7%,16.67%,"To find the percent reduction in the board of directors authorized the repurchase to the february 2014, we need to compare the new program authorized amount with the previous program authorized amount. The new program authorized up to $10 billion of 3M's outstanding common stock, while the previous program authorized up to $12 billion of 3M's outstanding common stock. Therefore, the percent reduction is (12-10)/12 x 100 = 16.67%",True,"Numerical comparison: 0.16699999999999998 vs 0.16670000000000001, equivalent=True",18
JPM/2010/page_144.pdf-2,on what percent of trading days were there market gains above $ 210 million?,.046,4.62%,"To find out on what percent of trading days were there market gains above $210 million, we need to look at the daily market risk-related gains and losses for IB, CIO, and Mortgage Banking positions in 2010. According to the provided data, the firm posted market risk-related gains on 248 out of 261 days in this period, with 12 days exceeding $210 million. Therefore, the percentage of trading days with market gains above $210 million is (12/261) x 100% = 4.62%.",False,"Text comparison: '.046' vs '4.62%', match=False",19
